Korean,English
회의를 내일로 변경하고 싶어요.,I'd like to reschedule our meeting for tomorrow.
결제하기 전에 계산서를 확인하고 싶어요.,I'd like to check the bill before paying.
네 명이 앉을 자리를 예약하고 싶어요.,I'd like to book a table for four.
새 휴대전화를 사기 전에 가격을 비교하고 싶어요.,I'd like to compare prices before buying a new phone.
차가 막히지 않게 조금 일찍 출발하고 싶어요.,I'd like to leave a little earlier to avoid traffic.
이 상품의 환불을 요청하고 싶어요.,I'd like to ask for a refund on this item.
계약서를 한 번 더 검토하고 싶어요.,I'd like to review the contract one more time.
계속하기 전에 잠깐 휴식을 취하고 싶어요.,I'd like to take a short break before continuing.
아침 식사가 포함되어 있는지 확인하고 싶어요.,I'd like to check whether breakfast is included.
모두 정확한 주소를 알고 있는지 확인하고 싶어요.,I'd like to make sure everyone has the correct address.
점심 전에 이 보고서를 마무리하려고 계획하고 있어요.,I'm planning to finish this report before lunch.
비상시에 쓸 돈을 따로 마련하려고 계획하고 있어요.,I'm planning to set aside some money for emergencies.
업무량에 대해 상사와 이야기하려고 계획하고 있어요.,I'm planning to talk to my manager about my workload.
이번에는 다른 방법을 시도하려고 계획하고 있어요.,I'm planning to try a different approach this time.
집에 가는 길에 식료품을 구매하려고 계획하고 있어요.,I'm planning to pick up some groceries on the way home.
구독이 갱신되기 전에 취소하려고 계획하고 있어요.,I'm planning to cancel the subscription before it renews.
면접에서 물어볼 질문을 몇 개 준비하려고 계획하고 있어요.,I'm planning to prepare a few questions for the interview.
계획을 세우기 전에 날씨를 확인하려고 계획하고 있어요.,I'm planning to check the weather before making plans.
컴퓨터를 업데이트하기 전에 파일을 백업하려고 계획하고 있어요.,I'm planning to back up my files before updating the computer.
영어 연습에 더 많은 시간을 투자하려고 계획하고 있어요.,I'm planning to spend more time practicing English.
판매자에게 배송 날짜를 확인하고 싶었어요.,I was hoping to confirm the delivery date with the seller.
고객에게 상황을 설명하고 싶었어요.,I was hoping to explain the situation to the customer.
다음 주로 예약하고 싶었어요.,I was hoping to make an appointment for next week.
결정하기 전에 가족과 상의하고 싶었어요.,I was hoping to check with my family before deciding.
영수증 사본을 보관하고 싶었어요.,I was hoping to save a copy of the receipt.
결제가 실패한 이유를 확인하고 싶었어요.,I was hoping to find out why the payment failed.
이야기할 수 있는 더 조용한 장소를 물색하고 싶었어요.,I was hoping to look for a quieter place to talk.
회의 전날 알림을 보내고 싶었어요.,I was hoping to send a reminder the day before the meeting.
예산에 맞는 요금제를 선택하고 싶었어요.,I was hoping to choose a plan that fits my budget.
제출하기 전에 정보를 다시 확인하고 싶었어요.,I was hoping to double-check the information before submitting it.
잊어버리기 전에 회의를 내일로 변경하는 게 필요해요.,I need to reschedule our meeting for tomorrow before I forget.
잊어버리기 전에 결제하기 전에 계산서를 확인하는 게 필요해요.,I need to check the bill before paying before I forget.
잊어버리기 전에 네 명이 앉을 자리를 예약하는 게 필요해요.,I need to book a table for four before I forget.
잊어버리기 전에 새 휴대전화를 사기 전에 가격을 비교하는 게 필요해요.,I need to compare prices before buying a new phone before I forget.
잊어버리기 전에 차가 막히지 않게 조금 일찍 출발하는 게 필요해요.,I need to leave a little earlier to avoid traffic before I forget.
잊어버리기 전에 이 상품의 환불을 요청하는 게 필요해요.,I need to ask for a refund on this item before I forget.
잊어버리기 전에 계약서를 한 번 더 검토하는 게 필요해요.,I need to review the contract one more time before I forget.
잊어버리기 전에 계속하기 전에 잠깐 휴식을 취하는 게 필요해요.,I need to take a short break before continuing before I forget.
잊어버리기 전에 아침 식사가 포함되어 있는지 확인하는 게 필요해요.,I need to check whether breakfast is included before I forget.
잊어버리기 전에 모두 정확한 주소를 알고 있는지 확인하는 게 필요해요.,I need to make sure everyone has the correct address before I forget.
점심 전에 이 보고서를 마무리하려고 노력하고 있어요.,I'm trying to finish this report before lunch.
비상시에 쓸 돈을 따로 마련하려고 노력하고 있어요.,I'm trying to set aside some money for emergencies.
업무량에 대해 상사와 이야기하려고 노력하고 있어요.,I'm trying to talk to my manager about my workload.
이번에는 다른 방법을 시도하려고 노력하고 있어요.,I'm trying to try a different approach this time.
집에 가는 길에 식료품을 구매하려고 노력하고 있어요.,I'm trying to pick up some groceries on the way home.
구독이 갱신되기 전에 취소하려고 노력하고 있어요.,I'm trying to cancel the subscription before it renews.
면접에서 물어볼 질문을 몇 개 준비하려고 노력하고 있어요.,I'm trying to prepare a few questions for the interview.
계획을 세우기 전에 날씨를 확인하려고 노력하고 있어요.,I'm trying to check the weather before making plans.
컴퓨터를 업데이트하기 전에 파일을 백업하려고 노력하고 있어요.,I'm trying to back up my files before updating the computer.
영어 연습에 더 많은 시간을 투자하려고 노력하고 있어요.,I'm trying to spend more time practicing English.
판매자에게 배송 날짜를 확인하기로 결정했어요.,I've decided to confirm the delivery date with the seller.
고객에게 상황을 설명하기로 결정했어요.,I've decided to explain the situation to the customer.
다음 주로 예약하기로 결정했어요.,I've decided to make an appointment for next week.
결정하기 전에 가족과 상의하기로 결정했어요.,I've decided to check with my family before deciding.
영수증 사본을 보관하기로 결정했어요.,I've decided to save a copy of the receipt.
결제가 실패한 이유를 확인하기로 결정했어요.,I've decided to find out why the payment failed.
이야기할 수 있는 더 조용한 장소를 물색하기로 결정했어요.,I've decided to look for a quieter place to talk.
회의 전날 알림을 보내기로 결정했어요.,I've decided to send a reminder the day before the meeting.
예산에 맞는 요금제를 선택하기로 결정했어요.,I've decided to choose a plan that fits my budget.
제출하기 전에 정보를 다시 확인하기로 결정했어요.,I've decided to double-check the information before submitting it.
아직 회의를 내일로 변경하는 시간을 내지 못했어요.,I haven't had a chance to reschedule our meeting for tomorrow yet.
아직 결제하기 전에 계산서를 확인하는 시간을 내지 못했어요.,I haven't had a chance to check the bill before paying yet.
아직 네 명이 앉을 자리를 예약하는 시간을 내지 못했어요.,I haven't had a chance to book a table for four yet.
아직 새 휴대전화를 사기 전에 가격을 비교하는 시간을 내지 못했어요.,I haven't had a chance to compare prices before buying a new phone yet.
아직 차가 막히지 않게 조금 일찍 출발하는 시간을 내지 못했어요.,I haven't had a chance to leave a little earlier to avoid traffic yet.
아직 이 상품의 환불을 요청하는 시간을 내지 못했어요.,I haven't had a chance to ask for a refund on this item yet.
아직 계약서를 한 번 더 검토하는 시간을 내지 못했어요.,I haven't had a chance to review the contract one more time yet.
아직 계속하기 전에 잠깐 휴식을 취하는 시간을 내지 못했어요.,I haven't had a chance to take a short break before continuing yet.
아직 아침 식사가 포함되어 있는지 확인하는 시간을 내지 못했어요.,I haven't had a chance to check whether breakfast is included yet.
아직 모두 정확한 주소를 알고 있는지 확인하는 시간을 내지 못했어요.,I haven't had a chance to make sure everyone has the correct address yet.
점심 전에 이 보고서를 마무리하는 게 필요할 수도 있어요.,I might have to finish this report before lunch.
비상시에 쓸 돈을 따로 마련하는 게 필요할 수도 있어요.,I might have to set aside some money for emergencies.
업무량에 대해 상사와 이야기하는 게 필요할 수도 있어요.,I might have to talk to my manager about my workload.
이번에는 다른 방법을 시도하는 게 필요할 수도 있어요.,I might have to try a different approach this time.
집에 가는 길에 식료품을 구매하는 게 필요할 수도 있어요.,I might have to pick up some groceries on the way home.
구독이 갱신되기 전에 취소하는 게 필요할 수도 있어요.,I might have to cancel the subscription before it renews.
면접에서 물어볼 질문을 몇 개 준비하는 게 필요할 수도 있어요.,I might have to prepare a few questions for the interview.
계획을 세우기 전에 날씨를 확인하는 게 필요할 수도 있어요.,I might have to check the weather before making plans.
컴퓨터를 업데이트하기 전에 파일을 백업하는 게 필요할 수도 있어요.,I might have to back up my files before updating the computer.
영어 연습에 더 많은 시간을 투자하는 게 필요할 수도 있어요.,I might have to spend more time practicing English.
판매자에게 배송 날짜를 확인하는 게 좋을지 잘 모르겠어요.,I'm not sure whether to confirm the delivery date with the seller.
고객에게 상황을 설명하는 게 좋을지 잘 모르겠어요.,I'm not sure whether to explain the situation to the customer.
다음 주로 예약하는 게 좋을지 잘 모르겠어요.,I'm not sure whether to make an appointment for next week.
결정하기 전에 가족과 상의하는 게 좋을지 잘 모르겠어요.,I'm not sure whether to check with my family before deciding.
영수증 사본을 보관하는 게 좋을지 잘 모르겠어요.,I'm not sure whether to save a copy of the receipt.
결제가 실패한 이유를 확인하는 게 좋을지 잘 모르겠어요.,I'm not sure whether to find out why the payment failed.
이야기할 수 있는 더 조용한 장소를 물색하는 게 좋을지 잘 모르겠어요.,I'm not sure whether to look for a quieter place to talk.
회의 전날 알림을 보내는 게 좋을지 잘 모르겠어요.,I'm not sure whether to send a reminder the day before the meeting.
예산에 맞는 요금제를 선택하는 게 좋을지 잘 모르겠어요.,I'm not sure whether to choose a plan that fits my budget.
제출하기 전에 정보를 다시 확인하는 게 좋을지 잘 모르겠어요.,I'm not sure whether to double-check the information before submitting it.
회의를 내일로 변경하는 게 가능할까요?,Would it be possible to reschedule our meeting for tomorrow?
결제하기 전에 계산서를 확인하는 게 가능할까요?,Would it be possible to check the bill before paying?
네 명이 앉을 자리를 예약하는 게 가능할까요?,Would it be possible to book a table for four?
새 휴대전화를 사기 전에 가격을 비교하는 게 가능할까요?,Would it be possible to compare prices before buying a new phone?
차가 막히지 않게 조금 일찍 출발하는 게 가능할까요?,Would it be possible to leave a little earlier to avoid traffic?
이 상품의 환불을 요청하는 게 가능할까요?,Would it be possible to ask for a refund on this item?
계약서를 한 번 더 검토하는 게 가능할까요?,Would it be possible to review the contract one more time?
계속하기 전에 잠깐 휴식을 취하는 게 가능할까요?,Would it be possible to take a short break before continuing?
아침 식사가 포함되어 있는지 확인하는 게 가능할까요?,Would it be possible to check whether breakfast is included?
모두 정확한 주소를 알고 있는지 확인하는 게 가능할까요?,Would it be possible to make sure everyone has the correct address?
제가 점심 전에 이 보고서를 마무리하는 건 괜찮을까요?,Is it okay if I finish this report before lunch?
제가 비상시에 쓸 돈을 따로 마련하는 건 괜찮을까요?,Is it okay if I set aside some money for emergencies?
제가 업무량에 대해 상사와 이야기하는 건 괜찮을까요?,Is it okay if I talk to my manager about my workload?
제가 이번에는 다른 방법을 시도하는 건 괜찮을까요?,Is it okay if I try a different approach this time?
제가 집에 가는 길에 식료품을 구매하는 건 괜찮을까요?,Is it okay if I pick up some groceries on the way home?
제가 구독이 갱신되기 전에 취소하는 건 괜찮을까요?,Is it okay if I cancel the subscription before it renews?
제가 면접에서 물어볼 질문을 몇 개 준비하는 건 괜찮을까요?,Is it okay if I prepare a few questions for the interview?
제가 계획을 세우기 전에 날씨를 확인하는 건 괜찮을까요?,Is it okay if I check the weather before making plans?
제가 컴퓨터를 업데이트하기 전에 파일을 백업하는 건 괜찮을까요?,Is it okay if I back up my files before updating the computer?
제가 영어 연습에 더 많은 시간을 투자하는 건 괜찮을까요?,Is it okay if I spend more time practicing English?
제가 판매자에게 배송 날짜를 확인하는 걸 도와주실 수 있을까요?,Could you help me confirm the delivery date with the seller?
제가 고객에게 상황을 설명하는 걸 도와주실 수 있을까요?,Could you help me explain the situation to the customer?
제가 다음 주로 예약하는 걸 도와주실 수 있을까요?,Could you help me make an appointment for next week?
제가 결정하기 전에 가족과 상의하는 걸 도와주실 수 있을까요?,Could you help me check with my family before deciding?
제가 영수증 사본을 보관하는 걸 도와주실 수 있을까요?,Could you help me save a copy of the receipt?
제가 결제가 실패한 이유를 확인하는 걸 도와주실 수 있을까요?,Could you help me find out why the payment failed?
제가 이야기할 수 있는 더 조용한 장소를 물색하는 걸 도와주실 수 있을까요?,Could you help me look for a quieter place to talk?
제가 회의 전날 알림을 보내는 걸 도와주실 수 있을까요?,Could you help me send a reminder the day before the meeting?
제가 예산에 맞는 요금제를 선택하는 걸 도와주실 수 있을까요?,Could you help me choose a plan that fits my budget?
제가 제출하기 전에 정보를 다시 확인하는 걸 도와주실 수 있을까요?,Could you help me double-check the information before submitting it?
다른 일부터 하지 말고 먼저 회의를 내일로 변경하는 게 좋겠어요.,Let's reschedule our meeting for tomorrow before we do anything else.
다른 일부터 하지 말고 먼저 결제하기 전에 계산서를 확인하는 게 좋겠어요.,Let's check the bill before paying before we do anything else.
다른 일부터 하지 말고 먼저 네 명이 앉을 자리를 예약하는 게 좋겠어요.,Let's book a table for four before we do anything else.
다른 일부터 하지 말고 먼저 새 휴대전화를 사기 전에 가격을 비교하는 게 좋겠어요.,Let's compare prices before buying a new phone before we do anything else.
다른 일부터 하지 말고 먼저 차가 막히지 않게 조금 일찍 출발하는 게 좋겠어요.,Let's leave a little earlier to avoid traffic before we do anything else.
다른 일부터 하지 말고 먼저 이 상품의 환불을 요청하는 게 좋겠어요.,Let's ask for a refund on this item before we do anything else.
다른 일부터 하지 말고 먼저 계약서를 한 번 더 검토하는 게 좋겠어요.,Let's review the contract one more time before we do anything else.
다른 일부터 하지 말고 먼저 계속하기 전에 잠깐 휴식을 취하는 게 좋겠어요.,Let's take a short break before continuing before we do anything else.
다른 일부터 하지 말고 먼저 아침 식사가 포함되어 있는지 확인하는 게 좋겠어요.,Let's check whether breakfast is included before we do anything else.
다른 일부터 하지 말고 먼저 모두 정확한 주소를 알고 있는지 확인하는 게 좋겠어요.,Let's make sure everyone has the correct address before we do anything else.
점심 전에 이 보고서를 마무리하는 게 좋은 방법일 것 같아요.,It would be a good idea to finish this report before lunch.
비상시에 쓸 돈을 따로 마련하는 게 좋은 방법일 것 같아요.,It would be a good idea to set aside some money for emergencies.
업무량에 대해 상사와 이야기하는 게 좋은 방법일 것 같아요.,It would be a good idea to talk to my manager about my workload.
이번에는 다른 방법을 시도하는 게 좋은 방법일 것 같아요.,It would be a good idea to try a different approach this time.
집에 가는 길에 식료품을 구매하는 게 좋은 방법일 것 같아요.,It would be a good idea to pick up some groceries on the way home.
구독이 갱신되기 전에 취소하는 게 좋은 방법일 것 같아요.,It would be a good idea to cancel the subscription before it renews.
면접에서 물어볼 질문을 몇 개 준비하는 게 좋은 방법일 것 같아요.,It would be a good idea to prepare a few questions for the interview.
계획을 세우기 전에 날씨를 확인하는 게 좋은 방법일 것 같아요.,It would be a good idea to check the weather before making plans.
컴퓨터를 업데이트하기 전에 파일을 백업하는 게 좋은 방법일 것 같아요.,It would be a good idea to back up my files before updating the computer.
영어 연습에 더 많은 시간을 투자하는 게 좋은 방법일 것 같아요.,It would be a good idea to spend more time practicing English.
아무래도 우리가 판매자에게 배송 날짜를 확인하는 게 좋겠어요.,We should probably confirm the delivery date with the seller.
아무래도 우리가 고객에게 상황을 설명하는 게 좋겠어요.,We should probably explain the situation to the customer.
아무래도 우리가 다음 주로 예약하는 게 좋겠어요.,We should probably make an appointment for next week.
아무래도 우리가 결정하기 전에 가족과 상의하는 게 좋겠어요.,We should probably check with my family before deciding.
아무래도 우리가 영수증 사본을 보관하는 게 좋겠어요.,We should probably save a copy of the receipt.
아무래도 우리가 결제가 실패한 이유를 확인하는 게 좋겠어요.,We should probably find out why the payment failed.
아무래도 우리가 이야기할 수 있는 더 조용한 장소를 물색하는 게 좋겠어요.,We should probably look for a quieter place to talk.
아무래도 우리가 회의 전날 알림을 보내는 게 좋겠어요.,We should probably send a reminder the day before the meeting.
아무래도 우리가 예산에 맞는 요금제를 선택하는 게 좋겠어요.,We should probably choose a plan that fits my budget.
아무래도 우리가 제출하기 전에 정보를 다시 확인하는 게 좋겠어요.,We should probably double-check the information before submitting it.
괜찮다면 차라리 회의를 내일로 변경하고 싶어요.,I'd rather reschedule our meeting for tomorrow if that's okay.
괜찮다면 차라리 결제하기 전에 계산서를 확인하고 싶어요.,I'd rather check the bill before paying if that's okay.
괜찮다면 차라리 네 명이 앉을 자리를 예약하고 싶어요.,I'd rather book a table for four if that's okay.
괜찮다면 차라리 새 휴대전화를 사기 전에 가격을 비교하고 싶어요.,I'd rather compare prices before buying a new phone if that's okay.
괜찮다면 차라리 차가 막히지 않게 조금 일찍 출발하고 싶어요.,I'd rather leave a little earlier to avoid traffic if that's okay.
괜찮다면 차라리 이 상품의 환불을 요청하고 싶어요.,I'd rather ask for a refund on this item if that's okay.
괜찮다면 차라리 계약서를 한 번 더 검토하고 싶어요.,I'd rather review the contract one more time if that's okay.
괜찮다면 차라리 계속하기 전에 잠깐 휴식을 취하고 싶어요.,I'd rather take a short break before continuing if that's okay.
괜찮다면 차라리 아침 식사가 포함되어 있는지 확인하고 싶어요.,I'd rather check whether breakfast is included if that's okay.
괜찮다면 차라리 모두 정확한 주소를 알고 있는지 확인하고 싶어요.,I'd rather make sure everyone has the correct address if that's okay.
점심 전에 이 보고서를 마무리하는 시간을 내볼게요.,I'll make time to finish this report before lunch.
비상시에 쓸 돈을 따로 마련하는 시간을 내볼게요.,I'll make time to set aside some money for emergencies.
업무량에 대해 상사와 이야기하는 시간을 내볼게요.,I'll make time to talk to my manager about my workload.
이번에는 다른 방법을 시도하는 시간을 내볼게요.,I'll make time to try a different approach this time.
집에 가는 길에 식료품을 구매하는 시간을 내볼게요.,I'll make time to pick up some groceries on the way home.
구독이 갱신되기 전에 취소하는 시간을 내볼게요.,I'll make time to cancel the subscription before it renews.
면접에서 물어볼 질문을 몇 개 준비하는 시간을 내볼게요.,I'll make time to prepare a few questions for the interview.
계획을 세우기 전에 날씨를 확인하는 시간을 내볼게요.,I'll make time to check the weather before making plans.
컴퓨터를 업데이트하기 전에 파일을 백업하는 시간을 내볼게요.,I'll make time to back up my files before updating the computer.
영어 연습에 더 많은 시간을 투자하는 시간을 내볼게요.,I'll make time to spend more time practicing English.
판매자에게 배송 날짜를 확인하는 걸 잊지 않도록 알려 주세요.,Please remind me to confirm the delivery date with the seller.
고객에게 상황을 설명하는 걸 잊지 않도록 알려 주세요.,Please remind me to explain the situation to the customer.
다음 주로 예약하는 걸 잊지 않도록 알려 주세요.,Please remind me to make an appointment for next week.
결정하기 전에 가족과 상의하는 걸 잊지 않도록 알려 주세요.,Please remind me to check with my family before deciding.
영수증 사본을 보관하는 걸 잊지 않도록 알려 주세요.,Please remind me to save a copy of the receipt.
결제가 실패한 이유를 확인하는 걸 잊지 않도록 알려 주세요.,Please remind me to find out why the payment failed.
이야기할 수 있는 더 조용한 장소를 물색하는 걸 잊지 않도록 알려 주세요.,Please remind me to look for a quieter place to talk.
회의 전날 알림을 보내는 걸 잊지 않도록 알려 주세요.,Please remind me to send a reminder the day before the meeting.
예산에 맞는 요금제를 선택하는 걸 잊지 않도록 알려 주세요.,Please remind me to choose a plan that fits my budget.
제출하기 전에 정보를 다시 확인하는 걸 잊지 않도록 알려 주세요.,Please remind me to double-check the information before submitting it.
물어보지도 않고 회의를 내일로 변경하려던 건 아니었어요.,I didn't mean to reschedule our meeting for tomorrow without asking you.
물어보지도 않고 결제하기 전에 계산서를 확인하려던 건 아니었어요.,I didn't mean to check the bill before paying without asking you.
물어보지도 않고 네 명이 앉을 자리를 예약하려던 건 아니었어요.,I didn't mean to book a table for four without asking you.
물어보지도 않고 새 휴대전화를 사기 전에 가격을 비교하려던 건 아니었어요.,I didn't mean to compare prices before buying a new phone without asking you.
물어보지도 않고 차가 막히지 않게 조금 일찍 출발하려던 건 아니었어요.,I didn't mean to leave a little earlier to avoid traffic without asking you.
물어보지도 않고 이 상품의 환불을 요청하려던 건 아니었어요.,I didn't mean to ask for a refund on this item without asking you.
물어보지도 않고 계약서를 한 번 더 검토하려던 건 아니었어요.,I didn't mean to review the contract one more time without asking you.
물어보지도 않고 계속하기 전에 잠깐 휴식을 취하려던 건 아니었어요.,I didn't mean to take a short break before continuing without asking you.
물어보지도 않고 아침 식사가 포함되어 있는지 확인하려던 건 아니었어요.,I didn't mean to check whether breakfast is included without asking you.
물어보지도 않고 모두 정확한 주소를 알고 있는지 확인하려던 건 아니었어요.,I didn't mean to make sure everyone has the correct address without asking you.
전화하셨을 때 막 점심 전에 이 보고서를 마무리하려던 참이었어요.,I was about to finish this report before lunch when you called.
전화하셨을 때 막 비상시에 쓸 돈을 따로 마련하려던 참이었어요.,I was about to set aside some money for emergencies when you called.
전화하셨을 때 막 업무량에 대해 상사와 이야기하려던 참이었어요.,I was about to talk to my manager about my workload when you called.
전화하셨을 때 막 이번에는 다른 방법을 시도하려던 참이었어요.,I was about to try a different approach this time when you called.
전화하셨을 때 막 집에 가는 길에 식료품을 구매하려던 참이었어요.,I was about to pick up some groceries on the way home when you called.
전화하셨을 때 막 구독이 갱신되기 전에 취소하려던 참이었어요.,I was about to cancel the subscription before it renews when you called.
전화하셨을 때 막 면접에서 물어볼 질문을 몇 개 준비하려던 참이었어요.,I was about to prepare a few questions for the interview when you called.
전화하셨을 때 막 계획을 세우기 전에 날씨를 확인하려던 참이었어요.,I was about to check the weather before making plans when you called.
전화하셨을 때 막 컴퓨터를 업데이트하기 전에 파일을 백업하려던 참이었어요.,I was about to back up my files before updating the computer when you called.
전화하셨을 때 막 영어 연습에 더 많은 시간을 투자하려던 참이었어요.,I was about to spend more time practicing English when you called.
지금 당장 판매자에게 배송 날짜를 확인하는 게 필요한 건 아니에요.,There's no need to confirm the delivery date with the seller right now.
지금 당장 고객에게 상황을 설명하는 게 필요한 건 아니에요.,There's no need to explain the situation to the customer right now.
지금 당장 다음 주로 예약하는 게 필요한 건 아니에요.,There's no need to make an appointment for next week right now.
지금 당장 결정하기 전에 가족과 상의하는 게 필요한 건 아니에요.,There's no need to check with my family before deciding right now.
지금 당장 영수증 사본을 보관하는 게 필요한 건 아니에요.,There's no need to save a copy of the receipt right now.
지금 당장 결제가 실패한 이유를 확인하는 게 필요한 건 아니에요.,There's no need to find out why the payment failed right now.
지금 당장 이야기할 수 있는 더 조용한 장소를 물색하는 게 필요한 건 아니에요.,There's no need to look for a quieter place to talk right now.
지금 당장 회의 전날 알림을 보내는 게 필요한 건 아니에요.,There's no need to send a reminder the day before the meeting right now.
지금 당장 예산에 맞는 요금제를 선택하는 게 필요한 건 아니에요.,There's no need to choose a plan that fits my budget right now.
지금 당장 제출하기 전에 정보를 다시 확인하는 게 필요한 건 아니에요.,There's no need to double-check the information before submitting it right now.
시간이 더 있을 때 회의를 내일로 변경하는 편이 좋겠어요.,I'd prefer to reschedule our meeting for tomorrow when I have more time.
시간이 더 있을 때 결제하기 전에 계산서를 확인하는 편이 좋겠어요.,I'd prefer to check the bill before paying when I have more time.
시간이 더 있을 때 네 명이 앉을 자리를 예약하는 편이 좋겠어요.,I'd prefer to book a table for four when I have more time.
시간이 더 있을 때 새 휴대전화를 사기 전에 가격을 비교하는 편이 좋겠어요.,I'd prefer to compare prices before buying a new phone when I have more time.
시간이 더 있을 때 차가 막히지 않게 조금 일찍 출발하는 편이 좋겠어요.,I'd prefer to leave a little earlier to avoid traffic when I have more time.
시간이 더 있을 때 이 상품의 환불을 요청하는 편이 좋겠어요.,I'd prefer to ask for a refund on this item when I have more time.
시간이 더 있을 때 계약서를 한 번 더 검토하는 편이 좋겠어요.,I'd prefer to review the contract one more time when I have more time.
시간이 더 있을 때 계속하기 전에 잠깐 휴식을 취하는 편이 좋겠어요.,I'd prefer to take a short break before continuing when I have more time.
시간이 더 있을 때 아침 식사가 포함되어 있는지 확인하는 편이 좋겠어요.,I'd prefer to check whether breakfast is included when I have more time.
시간이 더 있을 때 모두 정확한 주소를 알고 있는지 확인하는 편이 좋겠어요.,I'd prefer to make sure everyone has the correct address when I have more time.
점심 전에 이 보고서를 마무리하도록 최선을 다할게요.,I'll do my best to finish this report before lunch.
비상시에 쓸 돈을 따로 마련하도록 최선을 다할게요.,I'll do my best to set aside some money for emergencies.
업무량에 대해 상사와 이야기하도록 최선을 다할게요.,I'll do my best to talk to my manager about my workload.
이번에는 다른 방법을 시도하도록 최선을 다할게요.,I'll do my best to try a different approach this time.
집에 가는 길에 식료품을 구매하도록 최선을 다할게요.,I'll do my best to pick up some groceries on the way home.
구독이 갱신되기 전에 취소하도록 최선을 다할게요.,I'll do my best to cancel the subscription before it renews.
면접에서 물어볼 질문을 몇 개 준비하도록 최선을 다할게요.,I'll do my best to prepare a few questions for the interview.
계획을 세우기 전에 날씨를 확인하도록 최선을 다할게요.,I'll do my best to check the weather before making plans.
컴퓨터를 업데이트하기 전에 파일을 백업하도록 최선을 다할게요.,I'll do my best to back up my files before updating the computer.
영어 연습에 더 많은 시간을 투자하도록 최선을 다할게요.,I'll do my best to spend more time practicing English.
제가 해야 할 일은 판매자에게 배송 날짜를 확인하는 것뿐이에요.,All I need to do is confirm the delivery date with the seller.
제가 해야 할 일은 고객에게 상황을 설명하는 것뿐이에요.,All I need to do is explain the situation to the customer.
제가 해야 할 일은 다음 주로 예약하는 것뿐이에요.,All I need to do is make an appointment for next week.
제가 해야 할 일은 결정하기 전에 가족과 상의하는 것뿐이에요.,All I need to do is check with my family before deciding.
제가 해야 할 일은 영수증 사본을 보관하는 것뿐이에요.,All I need to do is save a copy of the receipt.
제가 해야 할 일은 결제가 실패한 이유를 확인하는 것뿐이에요.,All I need to do is find out why the payment failed.
제가 해야 할 일은 이야기할 수 있는 더 조용한 장소를 물색하는 것뿐이에요.,All I need to do is look for a quieter place to talk.
제가 해야 할 일은 회의 전날 알림을 보내는 것뿐이에요.,All I need to do is send a reminder the day before the meeting.
제가 해야 할 일은 예산에 맞는 요금제를 선택하는 것뿐이에요.,All I need to do is choose a plan that fits my budget.
제가 해야 할 일은 제출하기 전에 정보를 다시 확인하는 것뿐이에요.,All I need to do is double-check the information before submitting it.
서두르기보다는 회의를 내일로 변경하는 게 중요해요.,It's important to reschedule our meeting for tomorrow instead of rushing.
서두르기보다는 결제하기 전에 계산서를 확인하는 게 중요해요.,It's important to check the bill before paying instead of rushing.
서두르기보다는 네 명이 앉을 자리를 예약하는 게 중요해요.,It's important to book a table for four instead of rushing.
서두르기보다는 새 휴대전화를 사기 전에 가격을 비교하는 게 중요해요.,It's important to compare prices before buying a new phone instead of rushing.
서두르기보다는 차가 막히지 않게 조금 일찍 출발하는 게 중요해요.,It's important to leave a little earlier to avoid traffic instead of rushing.
서두르기보다는 이 상품의 환불을 요청하는 게 중요해요.,It's important to ask for a refund on this item instead of rushing.
서두르기보다는 계약서를 한 번 더 검토하는 게 중요해요.,It's important to review the contract one more time instead of rushing.
서두르기보다는 계속하기 전에 잠깐 휴식을 취하는 게 중요해요.,It's important to take a short break before continuing instead of rushing.
서두르기보다는 아침 식사가 포함되어 있는지 확인하는 게 중요해요.,It's important to check whether breakfast is included instead of rushing.
서두르기보다는 모두 정확한 주소를 알고 있는지 확인하는 게 중요해요.,It's important to make sure everyone has the correct address instead of rushing.
점심 전에 이 보고서를 마무리하는 걸 잊고 싶지 않아요.,I don't want to forget to finish this report before lunch.
비상시에 쓸 돈을 따로 마련하는 걸 잊고 싶지 않아요.,I don't want to forget to set aside some money for emergencies.
업무량에 대해 상사와 이야기하는 걸 잊고 싶지 않아요.,I don't want to forget to talk to my manager about my workload.
이번에는 다른 방법을 시도하는 걸 잊고 싶지 않아요.,I don't want to forget to try a different approach this time.
집에 가는 길에 식료품을 구매하는 걸 잊고 싶지 않아요.,I don't want to forget to pick up some groceries on the way home.
구독이 갱신되기 전에 취소하는 걸 잊고 싶지 않아요.,I don't want to forget to cancel the subscription before it renews.
면접에서 물어볼 질문을 몇 개 준비하는 걸 잊고 싶지 않아요.,I don't want to forget to prepare a few questions for the interview.
계획을 세우기 전에 날씨를 확인하는 걸 잊고 싶지 않아요.,I don't want to forget to check the weather before making plans.
컴퓨터를 업데이트하기 전에 파일을 백업하는 걸 잊고 싶지 않아요.,I don't want to forget to back up my files before updating the computer.
영어 연습에 더 많은 시간을 투자하는 걸 잊고 싶지 않아요.,I don't want to forget to spend more time practicing English.
전부터 판매자에게 배송 날짜를 확인하려고 생각하고 있었어요.,I've been meaning to confirm the delivery date with the seller.
전부터 고객에게 상황을 설명하려고 생각하고 있었어요.,I've been meaning to explain the situation to the customer.
전부터 다음 주로 예약하려고 생각하고 있었어요.,I've been meaning to make an appointment for next week.
전부터 결정하기 전에 가족과 상의하려고 생각하고 있었어요.,I've been meaning to check with my family before deciding.
전부터 영수증 사본을 보관하려고 생각하고 있었어요.,I've been meaning to save a copy of the receipt.
전부터 결제가 실패한 이유를 확인하려고 생각하고 있었어요.,I've been meaning to find out why the payment failed.
전부터 이야기할 수 있는 더 조용한 장소를 물색하려고 생각하고 있었어요.,I've been meaning to look for a quieter place to talk.
전부터 회의 전날 알림을 보내려고 생각하고 있었어요.,I've been meaning to send a reminder the day before the meeting.
전부터 예산에 맞는 요금제를 선택하려고 생각하고 있었어요.,I've been meaning to choose a plan that fits my budget.
전부터 제출하기 전에 정보를 다시 확인하려고 생각하고 있었어요.,I've been meaning to double-check the information before submitting it.
회의를 내일로 변경하는 시간을 내면 알려드릴게요.,I'll let you know once I get a chance to reschedule our meeting for tomorrow.
결제하기 전에 계산서를 확인하는 시간을 내면 알려드릴게요.,I'll let you know once I get a chance to check the bill before paying.
네 명이 앉을 자리를 예약하는 시간을 내면 알려드릴게요.,I'll let you know once I get a chance to book a table for four.
새 휴대전화를 사기 전에 가격을 비교하는 시간을 내면 알려드릴게요.,I'll let you know once I get a chance to compare prices before buying a new phone.
차가 막히지 않게 조금 일찍 출발하는 시간을 내면 알려드릴게요.,I'll let you know once I get a chance to leave a little earlier to avoid traffic.
이 상품의 환불을 요청하는 시간을 내면 알려드릴게요.,I'll let you know once I get a chance to ask for a refund on this item.
계약서를 한 번 더 검토하는 시간을 내면 알려드릴게요.,I'll let you know once I get a chance to review the contract one more time.
계속하기 전에 잠깐 휴식을 취하는 시간을 내면 알려드릴게요.,I'll let you know once I get a chance to take a short break before continuing.
아침 식사가 포함되어 있는지 확인하는 시간을 내면 알려드릴게요.,I'll let you know once I get a chance to check whether breakfast is included.
모두 정확한 주소를 알고 있는지 확인하는 시간을 내면 알려드릴게요.,I'll let you know once I get a chance to make sure everyone has the correct address.
먼저 점심 전에 이 보고서를 마무리하는 편이 더 나을 수도 있어요.,It might be better to finish this report before lunch first.
먼저 비상시에 쓸 돈을 따로 마련하는 편이 더 나을 수도 있어요.,It might be better to set aside some money for emergencies first.
먼저 업무량에 대해 상사와 이야기하는 편이 더 나을 수도 있어요.,It might be better to talk to my manager about my workload first.
먼저 이번에는 다른 방법을 시도하는 편이 더 나을 수도 있어요.,It might be better to try a different approach this time first.
먼저 집에 가는 길에 식료품을 구매하는 편이 더 나을 수도 있어요.,It might be better to pick up some groceries on the way home first.
먼저 구독이 갱신되기 전에 취소하는 편이 더 나을 수도 있어요.,It might be better to cancel the subscription before it renews first.
먼저 면접에서 물어볼 질문을 몇 개 준비하는 편이 더 나을 수도 있어요.,It might be better to prepare a few questions for the interview first.
먼저 계획을 세우기 전에 날씨를 확인하는 편이 더 나을 수도 있어요.,It might be better to check the weather before making plans first.
먼저 컴퓨터를 업데이트하기 전에 파일을 백업하는 편이 더 나을 수도 있어요.,It might be better to back up my files before updating the computer first.
먼저 영어 연습에 더 많은 시간을 투자하는 편이 더 나을 수도 있어요.,It might be better to spend more time practicing English first.
오늘은 판매자에게 배송 날짜를 확인하는 데 필요한 시간이 부족해요.,We don't have enough time to confirm the delivery date with the seller today.
오늘은 고객에게 상황을 설명하는 데 필요한 시간이 부족해요.,We don't have enough time to explain the situation to the customer today.
오늘은 다음 주로 예약하는 데 필요한 시간이 부족해요.,We don't have enough time to make an appointment for next week today.
오늘은 결정하기 전에 가족과 상의하는 데 필요한 시간이 부족해요.,We don't have enough time to check with my family before deciding today.
오늘은 영수증 사본을 보관하는 데 필요한 시간이 부족해요.,We don't have enough time to save a copy of the receipt today.
오늘은 결제가 실패한 이유를 확인하는 데 필요한 시간이 부족해요.,We don't have enough time to find out why the payment failed today.
오늘은 이야기할 수 있는 더 조용한 장소를 물색하는 데 필요한 시간이 부족해요.,We don't have enough time to look for a quieter place to talk today.
오늘은 회의 전날 알림을 보내는 데 필요한 시간이 부족해요.,We don't have enough time to send a reminder the day before the meeting today.
오늘은 예산에 맞는 요금제를 선택하는 데 필요한 시간이 부족해요.,We don't have enough time to choose a plan that fits my budget today.
오늘은 제출하기 전에 정보를 다시 확인하는 데 필요한 시간이 부족해요.,We don't have enough time to double-check the information before submitting it today.
그 가게는 일요일에 일찍 문을 닫는다는 말을 들었어요.,I heard that the store closes earlier on Sundays.
우리가 미리 예약해야 한다는 말을 들었어요.,I heard that we need to book in advance.
그 가격에 배송비가 포함되어 있다는 말을 들었어요.,I heard that the price includes delivery.
예약이 금요일로 변경되었다는 말을 들었어요.,I heard that the appointment has been moved to Friday.
이 표를 하루 종일 사용할 수 있다는 말을 들었어요.,I heard that this ticket is valid for the whole day.
회의가 아홉 시에 시작한다는 말을 들었어요.,I heard that the meeting starts at nine.
호텔에서 무료 공항 셔틀을 제공한다는 말을 들었어요.,I heard that the hotel offers a free airport shuttle.
우리가 삼십 일 안에 상품을 반품할 수 있다는 말을 들었어요.,I heard that we can return the item within thirty days.
마지막 열차가 열한 시에 출발한다는 말을 들었어요.,I heard that the last train leaves at eleven.
결제가 정상적으로 처리되었다는 말을 들었어요.,I heard that the payment went through successfully.
그 가게는 일요일에 일찍 문을 닫는다는 걸 미처 몰랐어요.,I didn't realize that the store closes earlier on Sundays.
우리가 미리 예약해야 한다는 걸 미처 몰랐어요.,I didn't realize that we need to book in advance.
그 가격에 배송비가 포함되어 있다는 걸 미처 몰랐어요.,I didn't realize that the price includes delivery.
예약이 금요일로 변경되었다는 걸 미처 몰랐어요.,I didn't realize that the appointment has been moved to Friday.
이 표를 하루 종일 사용할 수 있다는 걸 미처 몰랐어요.,I didn't realize that this ticket is valid for the whole day.
회의가 아홉 시에 시작한다는 걸 미처 몰랐어요.,I didn't realize that the meeting starts at nine.
호텔에서 무료 공항 셔틀을 제공한다는 걸 미처 몰랐어요.,I didn't realize that the hotel offers a free airport shuttle.
우리가 삼십 일 안에 상품을 반품할 수 있다는 걸 미처 몰랐어요.,I didn't realize that we can return the item within thirty days.
마지막 열차가 열한 시에 출발한다는 걸 미처 몰랐어요.,I didn't realize that the last train leaves at eleven.
결제가 정상적으로 처리되었다는 걸 미처 몰랐어요.,I didn't realize that the payment went through successfully.
그 가게는 일요일에 일찍 문을 닫는다는 게 확실한가요?,Are you sure that the store closes earlier on Sundays?
우리가 미리 예약해야 한다는 게 확실한가요?,Are you sure that we need to book in advance?
그 가격에 배송비가 포함되어 있다는 게 확실한가요?,Are you sure that the price includes delivery?
예약이 금요일로 변경되었다는 게 확실한가요?,Are you sure that the appointment has been moved to Friday?
이 표를 하루 종일 사용할 수 있다는 게 확실한가요?,Are you sure that this ticket is valid for the whole day?
회의가 아홉 시에 시작한다는 게 확실한가요?,Are you sure that the meeting starts at nine?
호텔에서 무료 공항 셔틀을 제공한다는 게 확실한가요?,Are you sure that the hotel offers a free airport shuttle?
우리가 삼십 일 안에 상품을 반품할 수 있다는 게 확실한가요?,Are you sure that we can return the item within thirty days?
마지막 열차가 열한 시에 출발한다는 게 확실한가요?,Are you sure that the last train leaves at eleven?
결제가 정상적으로 처리되었다는 게 확실한가요?,Are you sure that the payment went through successfully?
그 가게는 일요일에 일찍 문을 닫는다는 내용을 확인해 주실 수 있을까요?,Could you confirm that the store closes earlier on Sundays?
우리가 미리 예약해야 한다는 내용을 확인해 주실 수 있을까요?,Could you confirm that we need to book in advance?
그 가격에 배송비가 포함되어 있다는 내용을 확인해 주실 수 있을까요?,Could you confirm that the price includes delivery?
예약이 금요일로 변경되었다는 내용을 확인해 주실 수 있을까요?,Could you confirm that the appointment has been moved to Friday?
이 표를 하루 종일 사용할 수 있다는 내용을 확인해 주실 수 있을까요?,Could you confirm that this ticket is valid for the whole day?
회의가 아홉 시에 시작한다는 내용을 확인해 주실 수 있을까요?,Could you confirm that the meeting starts at nine?
호텔에서 무료 공항 셔틀을 제공한다는 내용을 확인해 주실 수 있을까요?,Could you confirm that the hotel offers a free airport shuttle?
우리가 삼십 일 안에 상품을 반품할 수 있다는 내용을 확인해 주실 수 있을까요?,Could you confirm that we can return the item within thirty days?
마지막 열차가 열한 시에 출발한다는 내용을 확인해 주실 수 있을까요?,Could you confirm that the last train leaves at eleven?
결제가 정상적으로 처리되었다는 내용을 확인해 주실 수 있을까요?,Could you confirm that the payment went through successfully?
그 가게는 일요일에 일찍 문을 닫는다는 걸 알게 돼서 좋네요.,It's good to know that the store closes earlier on Sundays.
우리가 미리 예약해야 한다는 걸 알게 돼서 좋네요.,It's good to know that we need to book in advance.
그 가격에 배송비가 포함되어 있다는 걸 알게 돼서 좋네요.,It's good to know that the price includes delivery.
예약이 금요일로 변경되었다는 걸 알게 돼서 좋네요.,It's good to know that the appointment has been moved to Friday.
이 표를 하루 종일 사용할 수 있다는 걸 알게 돼서 좋네요.,It's good to know that this ticket is valid for the whole day.
회의가 아홉 시에 시작한다는 걸 알게 돼서 좋네요.,It's good to know that the meeting starts at nine.
호텔에서 무료 공항 셔틀을 제공한다는 걸 알게 돼서 좋네요.,It's good to know that the hotel offers a free airport shuttle.
우리가 삼십 일 안에 상품을 반품할 수 있다는 걸 알게 돼서 좋네요.,It's good to know that we can return the item within thirty days.
마지막 열차가 열한 시에 출발한다는 걸 알게 돼서 좋네요.,It's good to know that the last train leaves at eleven.
결제가 정상적으로 처리되었다는 걸 알게 돼서 좋네요.,It's good to know that the payment went through successfully.
그 가게는 일요일에 일찍 문을 닫는다는 점을 기억해 주세요.,Please keep in mind that the store closes earlier on Sundays.
우리가 미리 예약해야 한다는 점을 기억해 주세요.,Please keep in mind that we need to book in advance.
그 가격에 배송비가 포함되어 있다는 점을 기억해 주세요.,Please keep in mind that the price includes delivery.
예약이 금요일로 변경되었다는 점을 기억해 주세요.,Please keep in mind that the appointment has been moved to Friday.
이 표를 하루 종일 사용할 수 있다는 점을 기억해 주세요.,Please keep in mind that this ticket is valid for the whole day.
회의가 아홉 시에 시작한다는 점을 기억해 주세요.,Please keep in mind that the meeting starts at nine.
호텔에서 무료 공항 셔틀을 제공한다는 점을 기억해 주세요.,Please keep in mind that the hotel offers a free airport shuttle.
우리가 삼십 일 안에 상품을 반품할 수 있다는 점을 기억해 주세요.,Please keep in mind that we can return the item within thirty days.
마지막 열차가 열한 시에 출발한다는 점을 기억해 주세요.,Please keep in mind that the last train leaves at eleven.
결제가 정상적으로 처리되었다는 점을 기억해 주세요.,Please keep in mind that the payment went through successfully.
그 가게는 일요일에 일찍 문을 닫는다는 이야기를 누군가 했어요.,Someone mentioned that the store closes earlier on Sundays.
우리가 미리 예약해야 한다는 이야기를 누군가 했어요.,Someone mentioned that we need to book in advance.
그 가격에 배송비가 포함되어 있다는 이야기를 누군가 했어요.,Someone mentioned that the price includes delivery.
예약이 금요일로 변경되었다는 이야기를 누군가 했어요.,Someone mentioned that the appointment has been moved to Friday.
이 표를 하루 종일 사용할 수 있다는 이야기를 누군가 했어요.,Someone mentioned that this ticket is valid for the whole day.
회의가 아홉 시에 시작한다는 이야기를 누군가 했어요.,Someone mentioned that the meeting starts at nine.
호텔에서 무료 공항 셔틀을 제공한다는 이야기를 누군가 했어요.,Someone mentioned that the hotel offers a free airport shuttle.
우리가 삼십 일 안에 상품을 반품할 수 있다는 이야기를 누군가 했어요.,Someone mentioned that we can return the item within thirty days.
마지막 열차가 열한 시에 출발한다는 이야기를 누군가 했어요.,Someone mentioned that the last train leaves at eleven.
결제가 정상적으로 처리되었다는 이야기를 누군가 했어요.,Someone mentioned that the payment went through successfully.
그 가게는 일요일에 일찍 문을 닫는다는 걸 방금 알았어요.,I just found out that the store closes earlier on Sundays.
우리가 미리 예약해야 한다는 걸 방금 알았어요.,I just found out that we need to book in advance.
그 가격에 배송비가 포함되어 있다는 걸 방금 알았어요.,I just found out that the price includes delivery.
예약이 금요일로 변경되었다는 걸 방금 알았어요.,I just found out that the appointment has been moved to Friday.
이 표를 하루 종일 사용할 수 있다는 걸 방금 알았어요.,I just found out that this ticket is valid for the whole day.
회의가 아홉 시에 시작한다는 걸 방금 알았어요.,I just found out that the meeting starts at nine.
호텔에서 무료 공항 셔틀을 제공한다는 걸 방금 알았어요.,I just found out that the hotel offers a free airport shuttle.
우리가 삼십 일 안에 상품을 반품할 수 있다는 걸 방금 알았어요.,I just found out that we can return the item within thirty days.
마지막 열차가 열한 시에 출발한다는 걸 방금 알았어요.,I just found out that the last train leaves at eleven.
결제가 정상적으로 처리되었다는 걸 방금 알았어요.,I just found out that the payment went through successfully.
그 가게는 일요일에 일찍 문을 닫는다는 안내를 받았어요.,I was told that the store closes earlier on Sundays.
우리가 미리 예약해야 한다는 안내를 받았어요.,I was told that we need to book in advance.
그 가격에 배송비가 포함되어 있다는 안내를 받았어요.,I was told that the price includes delivery.
예약이 금요일로 변경되었다는 안내를 받았어요.,I was told that the appointment has been moved to Friday.
이 표를 하루 종일 사용할 수 있다는 안내를 받았어요.,I was told that this ticket is valid for the whole day.
회의가 아홉 시에 시작한다는 안내를 받았어요.,I was told that the meeting starts at nine.
호텔에서 무료 공항 셔틀을 제공한다는 안내를 받았어요.,I was told that the hotel offers a free airport shuttle.
우리가 삼십 일 안에 상품을 반품할 수 있다는 안내를 받았어요.,I was told that we can return the item within thirty days.
마지막 열차가 열한 시에 출발한다는 안내를 받았어요.,I was told that the last train leaves at eleven.
결제가 정상적으로 처리되었다는 안내를 받았어요.,I was told that the payment went through successfully.
그 가게는 일요일에 일찍 문을 닫는다는 게 맞는지 확인하고 싶어요.,I want to make sure that the store closes earlier on Sundays.
우리가 미리 예약해야 한다는 게 맞는지 확인하고 싶어요.,I want to make sure that we need to book in advance.
그 가격에 배송비가 포함되어 있다는 게 맞는지 확인하고 싶어요.,I want to make sure that the price includes delivery.
예약이 금요일로 변경되었다는 게 맞는지 확인하고 싶어요.,I want to make sure that the appointment has been moved to Friday.
이 표를 하루 종일 사용할 수 있다는 게 맞는지 확인하고 싶어요.,I want to make sure that this ticket is valid for the whole day.
회의가 아홉 시에 시작한다는 게 맞는지 확인하고 싶어요.,I want to make sure that the meeting starts at nine.
호텔에서 무료 공항 셔틀을 제공한다는 게 맞는지 확인하고 싶어요.,I want to make sure that the hotel offers a free airport shuttle.
우리가 삼십 일 안에 상품을 반품할 수 있다는 게 맞는지 확인하고 싶어요.,I want to make sure that we can return the item within thirty days.
마지막 열차가 열한 시에 출발한다는 게 맞는지 확인하고 싶어요.,I want to make sure that the last train leaves at eleven.
결제가 정상적으로 처리되었다는 게 맞는지 확인하고 싶어요.,I want to make sure that the payment went through successfully.
배송에 얼마나 걸리는지 알려주실 수 있을까요?,Could you tell me how long the delivery will take?
이 버스가 역 근처에 정차하는지 알려주실 수 있을까요?,Could you tell me whether this bus stops near the station?
어디서 휴대전화를 충전할 수 있는지 알려주실 수 있을까요?,Could you tell me where I can charge my phone?
우리가 몇 시에 도착해야 하는지 알려주실 수 있을까요?,Could you tell me what time we should arrive?
예약을 어떻게 변경할 수 있는지 알려주실 수 있을까요?,Could you tell me how I can change my reservation?
추가 요금이 있는지 알려주실 수 있을까요?,Could you tell me whether there are any extra charges?
이 문제로 누구에게 연락해야 하는지 알려주실 수 있을까요?,Could you tell me who I should contact about this issue?
어떤 선택이 제게 더 좋은지 알려주실 수 있을까요?,Could you tell me which option would be better for me?
다음 결제일이 언제인지 알려주실 수 있을까요?,Could you tell me when the next payment is due?
앱이 왜 자꾸 종료되는지 알려주실 수 있을까요?,Could you tell me why the app keeps closing?
배송에 얼마나 걸리는지 알고 싶어요.,I'd like to know how long the delivery will take.
이 버스가 역 근처에 정차하는지 알고 싶어요.,I'd like to know whether this bus stops near the station.
어디서 휴대전화를 충전할 수 있는지 알고 싶어요.,I'd like to know where I can charge my phone.
우리가 몇 시에 도착해야 하는지 알고 싶어요.,I'd like to know what time we should arrive.
예약을 어떻게 변경할 수 있는지 알고 싶어요.,I'd like to know how I can change my reservation.
추가 요금이 있는지 알고 싶어요.,I'd like to know whether there are any extra charges.
이 문제로 누구에게 연락해야 하는지 알고 싶어요.,I'd like to know who I should contact about this issue.
어떤 선택이 제게 더 좋은지 알고 싶어요.,I'd like to know which option would be better for me.
다음 결제일이 언제인지 알고 싶어요.,I'd like to know when the next payment is due.
앱이 왜 자꾸 종료되는지 알고 싶어요.,I'd like to know why the app keeps closing.
배송에 얼마나 걸리는지 잘 모르겠어요.,I'm not sure how long the delivery will take.
이 버스가 역 근처에 정차하는지 잘 모르겠어요.,I'm not sure whether this bus stops near the station.
어디서 휴대전화를 충전할 수 있는지 잘 모르겠어요.,I'm not sure where I can charge my phone.
우리가 몇 시에 도착해야 하는지 잘 모르겠어요.,I'm not sure what time we should arrive.
예약을 어떻게 변경할 수 있는지 잘 모르겠어요.,I'm not sure how I can change my reservation.
추가 요금이 있는지 잘 모르겠어요.,I'm not sure whether there are any extra charges.
이 문제로 누구에게 연락해야 하는지 잘 모르겠어요.,I'm not sure who I should contact about this issue.
어떤 선택이 제게 더 좋은지 잘 모르겠어요.,I'm not sure which option would be better for me.
다음 결제일이 언제인지 잘 모르겠어요.,I'm not sure when the next payment is due.
앱이 왜 자꾸 종료되는지 잘 모르겠어요.,I'm not sure why the app keeps closing.
혹시 배송에 얼마나 걸리는지 아세요?,Do you happen to know how long the delivery will take?
혹시 이 버스가 역 근처에 정차하는지 아세요?,Do you happen to know whether this bus stops near the station?
혹시 어디서 휴대전화를 충전할 수 있는지 아세요?,Do you happen to know where I can charge my phone?
혹시 우리가 몇 시에 도착해야 하는지 아세요?,Do you happen to know what time we should arrive?
혹시 예약을 어떻게 변경할 수 있는지 아세요?,Do you happen to know how I can change my reservation?
혹시 추가 요금이 있는지 아세요?,Do you happen to know whether there are any extra charges?
혹시 이 문제로 누구에게 연락해야 하는지 아세요?,Do you happen to know who I should contact about this issue?
혹시 어떤 선택이 제게 더 좋은지 아세요?,Do you happen to know which option would be better for me?
혹시 다음 결제일이 언제인지 아세요?,Do you happen to know when the next payment is due?
혹시 앱이 왜 자꾸 종료되는지 아세요?,Do you happen to know why the app keeps closing?
배송에 얼마나 걸리는지 확인해 볼게요.,Let me check how long the delivery will take.
이 버스가 역 근처에 정차하는지 확인해 볼게요.,Let me check whether this bus stops near the station.
어디서 휴대전화를 충전할 수 있는지 확인해 볼게요.,Let me check where I can charge my phone.
우리가 몇 시에 도착해야 하는지 확인해 볼게요.,Let me check what time we should arrive.
예약을 어떻게 변경할 수 있는지 확인해 볼게요.,Let me check how I can change my reservation.
추가 요금이 있는지 확인해 볼게요.,Let me check whether there are any extra charges.
이 문제로 누구에게 연락해야 하는지 확인해 볼게요.,Let me check who I should contact about this issue.
어떤 선택이 제게 더 좋은지 확인해 볼게요.,Let me check which option would be better for me.
다음 결제일이 언제인지 확인해 볼게요.,Let me check when the next payment is due.
앱이 왜 자꾸 종료되는지 확인해 볼게요.,Let me check why the app keeps closing.
배송에 얼마나 걸리는지 알아봐야 해요.,We need to find out how long the delivery will take.
이 버스가 역 근처에 정차하는지 알아봐야 해요.,We need to find out whether this bus stops near the station.
어디서 휴대전화를 충전할 수 있는지 알아봐야 해요.,We need to find out where I can charge my phone.
우리가 몇 시에 도착해야 하는지 알아봐야 해요.,We need to find out what time we should arrive.
예약을 어떻게 변경할 수 있는지 알아봐야 해요.,We need to find out how I can change my reservation.
추가 요금이 있는지 알아봐야 해요.,We need to find out whether there are any extra charges.
이 문제로 누구에게 연락해야 하는지 알아봐야 해요.,We need to find out who I should contact about this issue.
어떤 선택이 제게 더 좋은지 알아봐야 해요.,We need to find out which option would be better for me.
다음 결제일이 언제인지 알아봐야 해요.,We need to find out when the next payment is due.
앱이 왜 자꾸 종료되는지 알아봐야 해요.,We need to find out why the app keeps closing.
배송에 얼마나 걸리는지 궁금했어요.,I was wondering how long the delivery will take.
이 버스가 역 근처에 정차하는지 궁금했어요.,I was wondering whether this bus stops near the station.
어디서 휴대전화를 충전할 수 있는지 궁금했어요.,I was wondering where I can charge my phone.
우리가 몇 시에 도착해야 하는지 궁금했어요.,I was wondering what time we should arrive.
예약을 어떻게 변경할 수 있는지 궁금했어요.,I was wondering how I can change my reservation.
추가 요금이 있는지 궁금했어요.,I was wondering whether there are any extra charges.
이 문제로 누구에게 연락해야 하는지 궁금했어요.,I was wondering who I should contact about this issue.
어떤 선택이 제게 더 좋은지 궁금했어요.,I was wondering which option would be better for me.
다음 결제일이 언제인지 궁금했어요.,I was wondering when the next payment is due.
앱이 왜 자꾸 종료되는지 궁금했어요.,I was wondering why the app keeps closing.
배송에 얼마나 걸리는지 설명해 주실 수 있을까요?,Could you explain how long the delivery will take?
이 버스가 역 근처에 정차하는지 설명해 주실 수 있을까요?,Could you explain whether this bus stops near the station?
어디서 휴대전화를 충전할 수 있는지 설명해 주실 수 있을까요?,Could you explain where I can charge my phone?
우리가 몇 시에 도착해야 하는지 설명해 주실 수 있을까요?,Could you explain what time we should arrive?
예약을 어떻게 변경할 수 있는지 설명해 주실 수 있을까요?,Could you explain how I can change my reservation?
추가 요금이 있는지 설명해 주실 수 있을까요?,Could you explain whether there are any extra charges?
이 문제로 누구에게 연락해야 하는지 설명해 주실 수 있을까요?,Could you explain who I should contact about this issue?
어떤 선택이 제게 더 좋은지 설명해 주실 수 있을까요?,Could you explain which option would be better for me?
다음 결제일이 언제인지 설명해 주실 수 있을까요?,Could you explain when the next payment is due?
앱이 왜 자꾸 종료되는지 설명해 주실 수 있을까요?,Could you explain why the app keeps closing?
배송에 얼마나 걸리는지 누군가에게 물어볼게요.,I'll ask someone how long the delivery will take.
이 버스가 역 근처에 정차하는지 누군가에게 물어볼게요.,I'll ask someone whether this bus stops near the station.
어디서 휴대전화를 충전할 수 있는지 누군가에게 물어볼게요.,I'll ask someone where I can charge my phone.
우리가 몇 시에 도착해야 하는지 누군가에게 물어볼게요.,I'll ask someone what time we should arrive.
예약을 어떻게 변경할 수 있는지 누군가에게 물어볼게요.,I'll ask someone how I can change my reservation.
추가 요금이 있는지 누군가에게 물어볼게요.,I'll ask someone whether there are any extra charges.
이 문제로 누구에게 연락해야 하는지 누군가에게 물어볼게요.,I'll ask someone who I should contact about this issue.
어떤 선택이 제게 더 좋은지 누군가에게 물어볼게요.,I'll ask someone which option would be better for me.
다음 결제일이 언제인지 누군가에게 물어볼게요.,I'll ask someone when the next payment is due.
앱이 왜 자꾸 종료되는지 누군가에게 물어볼게요.,I'll ask someone why the app keeps closing.
배송에 얼마나 걸리는지 알아냈어요?,Have you figured out how long the delivery will take?
이 버스가 역 근처에 정차하는지 알아냈어요?,Have you figured out whether this bus stops near the station?
어디서 휴대전화를 충전할 수 있는지 알아냈어요?,Have you figured out where I can charge my phone?
우리가 몇 시에 도착해야 하는지 알아냈어요?,Have you figured out what time we should arrive?
예약을 어떻게 변경할 수 있는지 알아냈어요?,Have you figured out how I can change my reservation?
추가 요금이 있는지 알아냈어요?,Have you figured out whether there are any extra charges?
이 문제로 누구에게 연락해야 하는지 알아냈어요?,Have you figured out who I should contact about this issue?
어떤 선택이 제게 더 좋은지 알아냈어요?,Have you figured out which option would be better for me?
다음 결제일이 언제인지 알아냈어요?,Have you figured out when the next payment is due?
앱이 왜 자꾸 종료되는지 알아냈어요?,Have you figured out why the app keeps closing?
